filename,IPC,FTQ_STALLED_MPKI,UOP_CACHE_HIT_RATE,CRITICAL_HIT_RATE,INSTR_TILL_MISS_RESTEER,EVICT_DEMAND_PERC,EVICT_PREF_NOT_USED_PERC,EVICT_PREF_USED_PERC,L1I_PREFETCH_USEFUL,SWITCH_STALLS_MPKI
compute_fp_60.txt,2.20614,0.00108,99.978,96.8504,36.6667,99.9868,0.00649849,0.00671511,6,0.00844
compute_fp_75.txt,3.46878,2.13096,46.0332,71.1558,78.6826,80.2345,0,19.7656,143505,8.75166
compute_int_11.txt,3.31648,9.8719,87.4948,92.1183,135.585,81.0653,0,18.9348,82657,8.66912
compute_int_110.txt,4.16624,8.15302,71.6521,86.0462,54.9599,72.1532,0,27.8469,101603,15.0829
compute_int_111.txt,2.13326,24.2379,77.6841,86.8197,57.6082,65.132,0,34.8681,236897,11.3156
compute_int_118.txt,2.11503,17.3793,83.1531,93.0953,78.5226,75.3221,0,24.678,121911,12.4437
compute_int_121.txt,2.57271,21.7755,70.9744,85.3146,49.0764,66.3838,0,33.6163,229772,14.6572
compute_int_123.txt,1.74053,4.55372,77.2262,80.0342,216.928,88.7223,0,11.2778,106685,8.89178
compute_int_124.txt,2.37936,11.4179,78.2887,88.6178,93.7178,73.8748,0,26.1253,186649,11.0845
compute_int_139.txt,2.30888,22.2156,77.2365,86.9678,60.6842,67.7293,0,32.2708,204292,12.1637
compute_int_155.txt,1.84608,20.3315,84.1543,91.3458,55.8117,74.7652,0,25.2349,189138,11.6785
compute_int_17.txt,1.50661,15.2235,75.3237,90.5674,76.6413,75.6676,0,24.3325,208361,8.93258
compute_int_190.txt,2.99241,8.1734,85.2274,88.8396,111.263,82.752,0,17.2481,105346,10.0148
compute_int_192.txt,2.12313,20.2791,83.0303,90.4372,78.9567,68.1881,0,31.812,160416,8.91262
compute_int_197.txt,2.01448,8.56998,86.5859,90.5562,113.875,84.2794,0.000148602,15.7206,93550,8.00992
compute_int_207.txt,2.74329,18.8426,87.5063,90.6075,95.0471,75.4723,0,24.5278,140244,6.26703
compute_int_209.txt,2.50204,18.0286,91.7195,92.8789,105.096,78.2366,0,21.7635,102825,4.46132
compute_int_233.txt,2.2904,20.6621,79.0379,86.7217,67.4367,68.816,0,31.1841,197803,11.3979
compute_int_242.txt,2.04076,7.49146,80.7311,92.2287,156.782,83.9966,0,16.0035,79689,10.4898
compute_int_262.txt,2.34887,25.2043,71.2882,85.2524,45.1992,62.1813,0,37.8188,275422,15.4285
compute_int_265.txt,1.86866,13.1317,86.7719,92.9505,112.671,80.5281,0,19.472,95640,9.03117
compute_int_277.txt,2.24936,22.4627,78.4562,86.8261,64.3589,66.5191,0,33.481,196752,11.6506
compute_int_290.txt,1.91431,15.1759,85.3757,91.6777,81.8362,80.404,0,19.5961,130184,8.02769
compute_int_291.txt,2.57022,22.6685,72.5151,85.8309,47.8478,63.0239,0,36.9762,260256,13.7042
compute_int_294.txt,2.39096,6.63724,83.4073,95.9353,129.853,90.1357,0,9.86433,51987,6.99958
compute_int_298.txt,2.50151,8.94698,73.8416,90.6749,96.4707,82.2361,0,17.764,155636,7.5465
compute_int_316.txt,3.93313,2.50524,71.4858,86.6494,100.493,88.8174,0,11.1827,61008,14.1048
compute_int_318.txt,2.47757,16.5237,81.5122,87.4738,80.4682,70.0411,0,29.959,166663,9.77052
compute_int_327.txt,2.40766,13.2665,69.2112,90.9714,73.1195,76.1346,0,23.8655,206682,10.0298
compute_int_328.txt,2.24519,9.67124,80.2235,91.3954,110.867,80.5838,0,19.4163,143212,9.25544
compute_int_329.txt,2.58454,9.06932,80.0046,95.7671,101.509,89.0169,0,10.9832,40455,7.5485
compute_int_338.txt,2.41046,7.99938,75.2338,92.3496,105.513,84.1783,0,15.8218,90747,10.9915
compute_int_345.txt,1.65685,3.48282,81.112,80.7894,266.719,86.3881,0,13.612,84449,8.12484
compute_int_349.txt,2.14846,10.5026,74.1598,86.369,68.7953,72.5173,0,27.4828,178342,15.104
compute_int_360.txt,2.48636,6.19492,78.9576,91.7736,187.066,83.7921,0,16.208,91751,11.5402
compute_int_377.txt,1.63903,10.3034,87.0215,91.5428,103.884,83.5675,0,16.4326,100074,6.9266
compute_int_386.txt,2.81194,5.23967,80.6016,91.5723,181.896,86.584,0,13.4161,56872,11.3226
compute_int_416.txt,2.4674,18.962,78.7067,87.115,71.0692,69.8596,0,30.1405,190634,10.8772
compute_int_44.txt,1.91636,21.6365,85.9315,92.6901,65.623,73.8572,0,26.1429,172212,11.1973
compute_int_444.txt,2.84937,8.15058,76.8033,91.8444,96.7279,86.1253,0,13.8748,83240,15.7576
compute_int_450.txt,1.79371,8.77318,80.7281,87.2343,148.692,81.0075,0,18.9926,129307,9.58716
compute_int_46.txt,4.76719,1.8713,69.8929,82.8814,66.3631,90.9903,0,9.00974,48018,14.8748
compute_int_468.txt,2.44214,23.4322,74.8496,87.0644,54.0832,64.9969,0,35.0032,226872,13.2502
compute_int_473.txt,1.47548,4.14996,82.3959,80.3622,275.931,88.0987,0,11.9014,99162,7.29576
compute_int_480.txt,2.42086,6.44078,85.2765,89.8204,100.877,86.8691,0,13.131,73775,9.74234
compute_int_482.txt,1.99572,9.19433,82.9815,90.5043,111.966,85.2844,0,14.7157,110929,8.25707
compute_int_486.txt,2.47811,22.6708,73.2885,85.9212,49.6556,63.1217,0,36.8784,261127,13.1596
compute_int_489.txt,2.44947,8.91056,86.6773,92.2756,109.891,78.2722,0,21.7279,81018,7.69636
compute_int_490.txt,3.1807,16.1457,72.5669,86.2319,47.9922,69.7864,0,30.2137,143377,14.6436
compute_int_500.txt,3.91079,10.0028,74.6466,87.0762,59.7779,72.8881,0,27.112,94410,13.9566
compute_int_504.txt,3.66267,11.7293,73.5389,86.0955,55.081,70.8795,0,29.1206,118154,14.6983
compute_int_514.txt,4.08637,8.5278,72.3686,85.3181,56.3067,73.9264,0,26.0737,93520,14.5163
compute_int_521.txt,2.57934,11.4274,84.5176,93.1739,126.439,81.2945,0,18.7056,88870,10.3049
compute_int_522.txt,3.92989,9.6658,73.225,85.9007,58.8925,72.3177,0,27.6824,93063,15.0015
compute_int_547.txt,2.34946,25.0583,72.9518,85.8433,46.8322,64.5799,0,35.4202,254822,14.6361
compute_int_586.txt,2.57824,22.1867,71.4989,85.4782,49.9699,65.3258,0,34.6743,231559,14.825
compute_int_589.txt,3.14779,6.9015,90.5448,96.1197,118.559,87.591,0,12.4091,42825,5.34112
compute_int_591.txt,2.40423,6.12313,76.4471,94.8789,175.348,87.1936,0,12.8065,73360,5.48107
compute_int_598.txt,1.69267,16.7015,84.8493,92.7696,83.1645,74.5487,0,25.4514,141529,10.3004
compute_int_607.txt,2.44664,13.7566,87.9758,93.8753,95.0761,82.2544,0,17.7457,72920,8.72332
compute_int_611.txt,2.32795,18.562,83.3176,87.9807,80.5326,69.036,0,30.9641,167539,9.45372
compute_int_624.txt,1.73646,16.8275,67.9025,89.2263,59.7526,71.4202,0,28.5799,268890,9.81572
compute_int_626.txt,2.45781,22.8478,70.6293,84.5924,44.3241,64.8401,0,35.16,204819,16.0403
compute_int_646.txt,2.5365,8.67653,93.4702,95.4475,128.596,90.4724,0,9.52762,31828,4.46847
compute_int_650.txt,3.12216,6.27272,83.7508,92.156,89.2897,83.7711,0,16.229,63238,9.09486
compute_int_658.txt,2.19813,24.4725,75.8226,86.5774,53.2662,64.673,0,35.3271,235821,12.3779
compute_int_666.txt,2.21093,26.4565,76.0849,87.1965,49.6845,64.4306,0,35.5695,238489,13.1277
compute_int_674.txt,2.73963,4.61514,95.0222,92.6478,379.723,88.3758,0,11.6243,32262,3.29888
compute_int_678.txt,1.87828,19.3482,84.1269,92.4099,71.8659,74.9444,0,25.0557,184679,10.9906
compute_int_690.txt,2.70214,6.4486,85.8173,91.8398,113.705,83.2711,0,16.729,51976,9.64684
compute_int_693.txt,2.21328,27.0086,79.534,88.8201,53.8021,63.8671,0,36.133,213702,10.8245
compute_int_706.txt,2.14719,13.6332,75.7318,92.2625,69.7105,80.7663,0,19.2338,165052,7.9027
compute_int_729.txt,2.69932,7.52826,79.4913,85.7486,150.709,77.2165,0,22.7836,142520,12.3034
compute_int_746.txt,2.76504,11.8504,89.5652,94.7498,103.653,86.576,0,13.4241,31040,8.03935
compute_int_747.txt,2.00669,11.0633,74.7388,91.1036,100.087,75.4637,0,24.5364,148926,8.19114
compute_int_771.txt,2.18633,25.7237,76.4342,86.2083,53.1243,64.4838,0,35.5163,241918,12.5898
compute_int_773.txt,2.3124,12.0139,80.2988,90.6976,96.4713,81.464,0,18.5361,122014,7.76973
compute_int_781.txt,1.90385,13.2327,80.7972,92.8356,106.319,81.8345,0,18.1656,131838,6.48348
compute_int_80.txt,2.23659,27.4335,77.7373,87.9109,50.6466,64.0756,0,35.9245,238844,11.5675
compute_int_802.txt,2.27663,10.84,81.3412,92.4747,94.5838,83.8823,0,16.1178,110521,8.49501
compute_int_83.txt,1.87329,22.1218,80.1349,90.1846,57.7002,71.6965,0,28.3036,269666,12.3341
compute_int_835.txt,2.2894,17.2787,82.5758,88.5374,90.8809,72.7653,0,27.2348,154165,9.00798
compute_int_842.txt,2.49502,14.2403,85.545,93.4386,95.4858,80.0322,0,19.9679,95668,9.63281
compute_int_845.txt,2.70225,12.2323,80.7543,91.4462,93.2161,77.6452,0,22.3549,102252,12.2548
compute_int_854.txt,1.84992,13.8123,73.8903,89.9503,82.5469,75.1335,0,24.8666,253888,8.79291
compute_int_86.txt,2.39683,16.1278,84.4293,92.0006,73.3478,77.4953,0,22.5048,149520,11.1688
compute_int_884.txt,2.53707,9.48452,88.6194,92.5055,120.186,84.152,0,15.8481,66383,8.83196
compute_int_89.txt,2.25827,7.49402,75.361,86.9177,162.023,80.1426,0,19.8575,122449,11.4447
compute_int_894.txt,2.27818,15.0732,85.1054,92.5397,100.412,78.9002,0,21.0999,117110,9.9687
compute_int_898.txt,3.97253,9.5452,72.8147,86.7461,58.1259,71.6593,0,28.3408,107053,14.0897
compute_int_908.txt,2.0614,18.4547,85.9466,92.5983,72.0973,76.8379,0,23.1622,133923,10.6564
compute_int_92.txt,2.56221,17.7476,78.7932,85.1209,70.4353,68.9724,0,31.0277,171623,11.9083
compute_int_933.txt,2.47678,19.7257,77.637,86.0234,66.2357,69.0378,0,30.9623,204278,12.0454
compute_int_945.txt,2.56553,10.2145,84.6848,94.2607,105.418,82.1201,0,17.88,76189,11.1733
compute_int_948.txt,2.29118,13.9288,68.4128,83.9116,59.4167,68.6479,0,31.3522,286250,15.2045
compute_int_955.txt,2.71522,14.0682,84.2275,92.0782,91.4394,75.1189,0,24.8812,122155,10.3821
compute_int_965.txt,1.95929,19.258,85.7793,92.4321,70.9051,77.0119,0,22.9882,186933,8.5218
compute_int_967.txt,2.43329,5.09636,81.7767,91.4358,150.456,76.7484,0,23.2517,75268,7.24522
compute_int_971.txt,2.1742,12.3364,84.5262,93.0768,113.039,81.387,0,18.6131,88157,10.6531
crypto10.txt,4.62825,0.91336,99.1022,91.2395,435.809,93.5823,0,6.4178,16020,0.57414
crypto100.txt,2.02575,18.4223,86.5116,92.5253,69.7561,77.904,0,22.0961,159673,9.04545
crypto101.txt,4.17339,0.85712,99.0653,92.0863,297.267,91.4905,0,8.50957,14332,0.66078
crypto103.txt,4.51643,0.76674,98.7886,90.2319,670.157,93.5753,0,6.42471,16600,0.69772
crypto104.txt,4.28389,0.876781,98.8348,91.8488,290.488,92.0423,0,7.95771,14469,0.824121
crypto105.txt,1.97857,0.96252,98.8499,91.4018,1066.06,93.6415,0,6.35854,18162,0.70158
crypto13.txt,4.17582,0.86608,99.0565,92.0984,290.326,91.8089,0,8.19113,13510,0.65194
crypto14.txt,4.8228,0.77576,99.1992,89.9465,215.914,93.9519,0,6.04816,14905,0.4718
crypto16.txt,2.97271,8.43942,94.5836,94.61,173.436,85.1107,0,14.8894,63844,3.20916
crypto18.txt,5.02616,0.63986,99.4298,91.2136,488.249,97.7654,0,2.23462,10712,0.35956
crypto19.txt,4.18764,0.82758,99.0977,91.7705,325.026,92.1008,0,7.89923,13564,0.56898
crypto20.txt,4.59507,8.19048,92.5153,91.6729,158.746,98.5136,0,1.48645,11284,10.3859
crypto21.txt,4.83574,0.78712,99.1812,89.9237,200.921,96.1566,0,3.84342,14916,0.48776
crypto23.txt,4.26218,0.85616,98.8985,91.6303,312.079,91.2968,0,8.70326,14684,0.80972
crypto24.txt,4.51624,0.77052,98.7791,90.6555,371.106,91.4227,0,8.57732,16827,0.70778
crypto25.txt,2.81475,6.42308,95.065,94.7075,183.229,83.6625,0,16.3376,47368,3.17674
crypto26.txt,3.94567,0.94838,98.8528,91.2077,312.164,90.2586,0,9.74149,17720,0.685
crypto27.txt,4.15188,0.963461,98.0768,90.4676,440.672,90.597,0,9.40305,23591,1.32657
crypto28.txt,2.1639,16.9521,85.929,92.3226,72.1613,78.6717,0,21.3284,140282,9.23864
crypto29.txt,4.51617,0.74772,98.764,90.1994,411.341,91.2727,0,8.72739,17077,0.73122
crypto3.txt,4.97599,0.8213,99.477,91.6065,348.651,96.5068,0,3.49329,11254,0.3524
crypto31.txt,5.01796,0.75962,99.4914,91.2436,171.884,97.4841,0,2.51591,10986,0.3209
crypto33.txt,4.83183,3.4041,95.9779,92.8683,233.62,98.2555,0,1.74455,11227,6.24956
crypto36.txt,4.90647,2.8749,95.7765,92.1864,169.017,97.9042,0,2.09583,11442,5.88194
crypto37.txt,4.96541,0.8281,99.4827,91.7533,165.17,97.3207,0,2.67931,11334,0.35202
crypto38.txt,4.97139,0.8207,99.4759,91.9396,158.502,96.6878,0,3.3123,10843,0.35034
crypto39.txt,4.94174,1.21902,97.8423,91.2947,218.124,90.4548,0,9.54522,14128,2.06312
crypto4.txt,3.08149,7.99038,93.3004,94.6597,176.761,87.1078,0,12.8923,38497,4.75844
crypto41.txt,5.00479,0.77358,99.4852,91.1129,164.818,97.1041,0,2.89593,10906,0.33726
crypto43.txt,1.99648,0.968,98.1723,90.9718,666.93,92.1338,0,7.86622,23818,1.03214
crypto45.txt,4.67902,0.7998,99.1427,92.3425,530.536,94.8953,0,5.10474,13623,0.55154
crypto47.txt,5.0242,0.654421,99.4223,91.0519,212.722,96.8416,0,3.1585,10850,0.362661
crypto48.txt,4.8364,0.778561,99.1907,89.8127,180.312,97.1335,0,2.86653,15262,0.489921
crypto49.txt,4.29289,0.95214,98.898,91.6064,260.517,92.225,0,7.77504,16815,0.78236
crypto5.txt,3.54482,3.75678,96.3773,88.921,187.868,83.7713,0.000706865,16.228,42233,2.27168
crypto52.txt,2.74249,9.79994,93.733,91.531,139.891,78.6815,0,21.3186,99363,3.72972
crypto53.txt,5.00436,0.75648,99.279,91.2921,166.32,87.5481,0,12.452,10967,0.5684
crypto54.txt,3.94413,0.9601,98.7763,90.9663,282.167,90.1868,0,9.8133,17933,0.81666
crypto55.txt,5.29573,0.5465,99.1417,92.9697,181.292,94.2394,0,5.76065,5496,0.85082
crypto56.txt,3.9395,0.96602,98.788,91.4183,277.476,89.5869,0,10.4132,18304,0.80664
crypto57.txt,4.15919,0.79842,96.324,90.7849,362.733,95.0155,0,4.98454,16745,4.33268
crypto58.txt,4.63428,0.89484,99.12,91.3522,1300.98,93.4641,0,6.53591,16270,0.54536
crypto59.txt,4.5744,0.85816,97.2882,90.8186,307.55,96.7849,0,3.21519,17538,2.61864
crypto6.txt,4.96324,0.82092,99.4792,91.4951,356.313,97.2765,0,2.72355,11162,0.34426
crypto60.txt,4.94969,1.0919,96.9765,91.8163,186.154,91.5461,0,8.45395,12449,2.87606
crypto61.txt,4.81164,0.78912,98.5935,90.0022,198.088,94.1171,0,5.883,14510,1.1471
crypto62.txt,4.64809,6.40548,94.3673,91.7173,169.875,98.4259,0,1.57418,11060,8.60374
crypto63.txt,4.91436,2.64969,93.3305,91.6613,163.323,95.2628,0,4.73725,11233,5.87541
crypto65.txt,4.96854,0.82182,99.4803,91.5782,913.212,97.2454,0,2.75465,11393,0.34986
crypto67.txt,4.96921,0.81692,99.4689,91.551,158.105,96.7842,0,3.21582,10948,0.3522
crypto68.txt,5.06565,0.58524,99.4396,90.8099,628.186,97.9345,0,2.06555,10736,0.3485
crypto70.txt,4.2839,0.95228,98.9442,91.3046,261.905,92.0446,0,7.95545,16184,0.76498
crypto71.txt,4.70422,0.76106,99.0097,91.7136,910.247,94.6171,0,5.38292,14305,0.594
crypto72.txt,4.1532,0.8232,98.2863,89.5652,1175.77,89.439,0,10.5611,21684,0.92698
crypto73.txt,3.95581,0.930001,98.8352,91.1982,317.913,90.393,0,9.6071,17862,0.698001
crypto74.txt,4.17794,0.821,99.1161,91.9068,326.624,92.0221,0,7.97796,14025,0.55638
crypto75.txt,3.06182,0.853901,99.112,91.947,527.22,95.9993,0,4.00073,14019,0.564641
crypto78.txt,4.9721,0.8216,99.4714,91.4551,186.792,97.5485,0,2.45157,10700,0.34872
crypto8.txt,3.44921,6.06621,95.6064,96.6637,233.935,89.0069,0,10.9932,23459,2.63389
crypto80.txt,2.33127,13.9548,92.8246,94.0351,107.219,83.0907,0,16.9094,77839,5.63714
crypto81.txt,4.51257,0.85938,98.8648,90.6964,320.775,94.6045,0,5.39554,17629,0.64488
crypto83.txt,4.42958,0.85152,98.6289,91.0353,403.605,91.4311,0,8.569,18022,0.97498
crypto84.txt,4.97235,0.82104,99.4672,91.6782,712.846,96.6414,0,3.35864,10998,0.34722
crypto86.txt,4.96748,0.828861,99.4748,91.6232,1114.08,97.0919,0,2.90814,11201,0.348861
crypto87.txt,4.80701,3.40014,93.7066,91.8285,213.665,97.689,0,2.31104,11831,7.49528
crypto88.txt,5.11438,4.59104,84.9747,93.1761,191.807,98.4967,0,1.50333,5687,12.5558
crypto89.txt,4.47925,2.23216,96.9252,91.5039,303.335,94.504,0,5.49603,18001,3.83778
crypto90.txt,2.47518,11.4398,92.8049,93.6855,117.732,81.6623,0,18.3378,81536,4.65898
crypto91.txt,4.97012,0.8083,99.4692,91.4759,1511.52,97.5333,0,2.46677,11210,0.35632
crypto92.txt,4.80197,4.84054,94.5374,91.2603,225.655,98.2845,0,1.71556,10966,7.7766
crypto94.txt,2.79622,0.78166,99.1968,90.2511,857.673,96.1441,0,3.85597,14705,0.4802
crypto96.txt,1.82653,12.1108,92.8899,92.5124,107.393,82.1813,0,17.8188,107018,4.47466
crypto98.txt,2.57262,12.8037,92.8243,94.2399,103.334,81.219,0,18.7811,85261,5.29771
srv105.txt,3.01464,3.6117,62.1037,70.2004,51.1575,86.4334,0,13.5667,168739,10.4426
srv108.txt,4.31003,3.46958,32.6434,59.9134,22.3347,88.6303,0,11.3698,169502,11.4693
srv111.txt,2.72853,3.85176,62.3856,71.9984,59.1144,87.1205,0,12.8796,154042,10.1695
srv113.txt,3.22767,5.47218,37.2282,91.9242,73.0145,85.329,0,14.6711,209571,12.5564
srv12.txt,2.69484,5.59337,61.8127,68.2823,42.8976,84.1819,0,15.8182,197729,10.7854
srv120.txt,2.94971,3.61504,62.2956,70.8562,54.6648,86.9765,0,13.0236,165040,10.3011
srv128.txt,2.96695,4.63486,62.1873,67.967,42.9819,86.5885,0,13.4116,155697,10.2823
srv131.txt,2.89928,3.91412,62.3336,70.3289,51.9128,88.412,0,11.5881,147049,10.1596
srv132.txt,2.77729,1.83812,71.4182,67.9077,78.4947,89.7567,0,10.2434,63852,5.85612
srv133.txt,2.98902,3.68102,62.5108,71.225,56.8484,87.7405,0,12.2596,155729,9.92948
srv137.txt,2.58681,2.1004,71.7777,68.9884,56.3935,89.5244,0,10.4757,69556,5.70476
srv147.txt,1.97742,3.8996,66.7198,73.8555,57.2565,87.3931,0,12.607,154144,9.39572
srv151.txt,2.938,3.76954,62.3055,71.1534,53.7597,89.3608,0,10.6393,142808,10.1604
srv152.txt,3.80244,4.2847,48.7836,83.8337,130.916,81.6482,0,18.3519,216751,11.2164
srv16.txt,3.0618,3.38432,62.1415,70.2431,53.5269,86.102,0,13.8981,167608,10.3892
srv160.txt,2.77655,1.82478,72.6612,67.7922,85.0884,90.3342,0,9.66584,72398,5.92848
srv162.txt,3.01698,3.497,61.6511,69.7717,49.9461,87.0723,0,12.9278,152294,10.2465
srv167.txt,4.39542,3.26932,32.8961,62.3636,32.0192,88.581,0,11.4191,195644,11.4915
srv171.txt,2.92154,3.66154,62.2112,71.0118,56.1483,87.804,0,12.1961,158950,10.2076
srv174.txt,1.37986,1.23188,42.2434,78.6617,370.318,88.2591,0,11.741,142594,9.86954
srv177.txt,4.32962,3.36149,31.9544,66.4665,24.7856,85.8148,0,14.1853,214328,11.4056
srv180.txt,3.08215,3.33682,62.2196,70.1753,51.1646,84.4487,0,15.5514,206666,10.3254
srv187.txt,3.93297,3.14858,33.1707,59.2233,25.2937,83.8997,0,16.1004,293380,11.9877
srv194.txt,1.34888,7.84973,73.5006,87.2277,61.4736,83.459,0,16.5411,196674,8.78453
srv203.txt,4.41202,3.37722,32.7241,64.6074,26.9804,84.5966,0,15.4035,276824,11.7316
srv207.txt,2.6777,5.99876,63.0391,67.594,66.8611,85.9283,0,14.0718,166867,10.509
srv21.txt,2.9364,4.83898,61.8165,68.1888,46.9042,85.4708,0,14.5293,164106,10.3827
srv214.txt,4.26608,3.2569,33.0235,65.566,30.3625,85.1626,0,14.8375,256529,11.785
srv222.txt,2.90646,4.6705,61.7498,67.6774,43.1919,86.1072,0,13.8929,176511,10.7225
srv224.txt,2.85484,4.24533,62.2318,71.4871,52.8997,86.994,0,13.0061,151743,10.0202
srv225.txt,3.03486,4.3691,62.5168,67.4867,44.1842,87.3707,0,12.6294,153530,10.3681
srv228.txt,2.92792,3.82154,62.3542,71.397,56.9945,86.5317,0,13.4684,160781,9.90294
srv25.txt,3.83447,4.7335,37.5916,88.7961,59.6739,81.3245,0,18.6756,220398,11.6988
srv255.txt,3.05599,4.5433,62.152,69.3148,46.5789,86.8477,0,13.1524,155391,10.3296
srv257.txt,3.01565,3.64452,62.128,71.8161,57.3614,88.1231,0,11.877,134652,9.9376
srv259.txt,2.9048,4.6964,61.7059,66.8672,41.26,85.5238,0,14.4763,184239,10.8488
srv267.txt,4.11255,3.22329,33.3436,65.8635,30.5214,87.7789,0,12.2212,226295,11.8118
srv276.txt,1.23537,7.31588,81.6243,93.2408,109.124,87.3718,0,12.6283,119544,7.0367
srv283.txt,3.06121,3.50678,62.0384,69.3651,50.5512,86.9179,0,13.0822,152968,10.296
srv287.txt,1.75939,4.64042,67.0227,69.5651,48.1767,86.8675,0,13.1326,155913,9.49556
srv293.txt,2.91012,3.80546,61.9603,71.0336,52.7239,87.8806,0,12.1195,136724,10.1209
srv298.txt,2.9392,3.71157,62.1899,70.1355,53.9235,86.345,0,13.6551,161285,10.2887
srv302.txt,4.34454,3.23232,33.2974,62.2381,26.7573,85.8767,0,14.1234,252640,11.662
srv310.txt,3.98055,3.18247,32.7706,60.7123,29.7856,88.4762,0,11.5239,168397,11.72
srv32.txt,2.92071,4.86048,62.4039,70.542,49.985,85.0817,0,14.9184,175592,10.3192
srv320.txt,4.25989,3.34978,32.675,61.9573,26.5945,88.0709,0,11.9292,206581,11.4963
srv322.txt,4.3717,3.16547,33.6308,60.0474,26.7723,89.0862,0,10.9139,208674,12.0013
srv326.txt,2.75238,4.06564,62.8211,72.4237,57.5732,87.4609,0,12.5392,166202,10.3105
srv331.txt,2.9316,3.78446,62.2119,71.7506,56.6899,86.8686,0,13.1315,152661,9.80748
srv346.txt,3.01796,3.50841,61.9721,69.3643,49.6166,86.478,0,13.5221,159697,10.2322
srv349.txt,3.04148,3.45944,62.1569,69.695,52.4098,86.2458,0,13.7543,164188,10.3962
srv358.txt,2.96307,3.7508,62.4607,72.0432,57.36,87.8819,0,12.1182,143589,9.89448
srv359.txt,2.06009,3.75022,65.9696,73.3285,58.6643,89.1246,0,10.8755,144268,9.48798
srv364.txt,2.24182,4.15338,65.1476,69.2114,85.1598,87.0104,0,12.9897,167483,9.90942
srv366.txt,2.38901,2.70154,70.5763,70.8839,55.2377,88.2077,0,11.7924,82455,6.03866
srv386.txt,4.34814,3.39622,32.611,67.7435,29.1656,87.2199,0,12.7802,223423,11.495
srv390.txt,3.08532,3.38692,61.8395,69.6271,51.8519,86.1584,0,13.8417,171370,10.2545
srv393.txt,2.85595,3.88498,62.4156,71.8633,54.8921,88.6845,0,11.3156,143957,10.2134
srv401.txt,2.79196,4.1075,62.375,71.5312,50.8078,88.0851,0,11.915,151538,10.0249
srv403.txt,2.93284,3.57012,62.4113,71.0406,60.904,86.9786,0,13.0215,152384,9.88012
srv408.txt,2.30165,4.6933,62.9539,66.3768,51.1039,86.7907,0,13.2094,168006,10.2321
srv41.txt,2.96998,4.53993,61.3513,66.5405,44.3813,86.3359,0,13.6642,173447,10.8025
srv420.txt,3.09566,3.47782,61.7746,67.8904,52.6134,85.924,0,14.0761,170701,10.2693
srv422.txt,4.41209,3.45674,32.6627,62.9101,25.9528,86.8247,0,13.1754,194086,11.6314
srv425.txt,2.91051,3.79589,61.7727,71.8021,56.378,87.7874,0,12.2127,136805,10.1234
srv426.txt,2.12048,6.5943,69.3165,88.3594,106.963,84.0486,0,15.9515,181919,9.15336
srv429.txt,4.17135,3.1667,32.9121,63.1928,31.3858,88.227,0,11.7731,232385,11.4495
srv44.txt,2.93438,3.90962,62.3364,71.4057,57.5935,87.1918,0,12.8083,157685,10.0318
srv442.txt,2.8453,4.6468,61.303,68.2061,45.8544,84.8261,0,15.174,193246,10.6721
srv45.txt,2.79854,4.04241,62.2651,72.0008,57.1887,87.0083,0,12.9918,159712,10.0123
srv459.txt,2.88909,3.79308,62.3034,70.8807,53.492,88.295,0,11.7051,145664,10.2866
srv461.txt,2.76196,1.84568,71.5071,66.9722,102.786,88.86,0,11.1401,65221,5.67656
srv463.txt,4.37509,3.28921,32.6924,60.8539,22.4677,84.2912,0,15.7089,252378,12.0021
srv468.txt,3.03584,3.40554,62.215,69.2701,49.9178,86.4409,0,13.5592,180074,10.4362
srv48.txt,2.96193,4.61714,61.551,67.7186,45.3192,86.2665,0,13.7336,179422,10.8297
srv483.txt,2.8252,4.07602,62.008,70.9543,52.7122,87.0631,0,12.937,155983,9.95578
srv486.txt,1.50062,3.31782,70.2977,73.7236,100.941,89.1101,0,10.89,126528,8.51394
srv489.txt,2.93053,3.68799,62.3458,71.4718,57.202,88.5742,0,11.4259,139106,10.278
srv495.txt,3.04848,4.36088,62.4365,68.4911,44.0745,86.2733,0,13.7268,164641,10.3676
srv499.txt,2.93421,3.61502,62.0305,71.9942,59.3357,88.5384,0,11.4617,153725,10.1388
srv504.txt,2.91558,4.65916,61.2177,66.9147,42.4384,84.937,0,15.0631,193776,10.9261
srv506.txt,2.80958,3.97976,62.6568,72.8001,59.4629,86.0229,0,13.9772,174108,10.1045
srv526.txt,2.81956,3.99438,62.3261,70.5619,57.3081,87.6072,0,12.3929,153726,10.2703
srv527.txt,2.56767,3.99308,67.2458,73.525,124.282,86.8406,0,13.1595,138609,8.35802
srv537.txt,2.92128,4.63542,61.4921,66.2313,39.2599,85.9687,0,14.0314,181429,10.9053
srv540.txt,2.87337,4.94622,61.2322,66.0751,46.4793,87.0471,0,12.953,155863,10.5302
srv545.txt,3.23353,5.39742,36.4014,91.3364,70.124,83.0451,0,16.955,231198,12.3771
srv551.txt,1.46912,3.95334,70.8803,70.6542,85.7731,88.7525,0,11.2476,131592,8.75972
srv557.txt,4.42046,3.44889,32.5008,59.1217,29.7059,89.0403,0,10.9598,209609,11.5922
srv56.txt,2.91647,3.71826,62.1426,71.8519,53.9791,87.5455,0,12.4546,158630,9.89014
srv566.txt,3.04038,3.61188,62.1965,70.2103,51.1573,86.7933,0,13.2068,164008,10.3645
srv575.txt,2.89557,4.65906,62.1974,68.5723,43.2787,81.5796,0,18.4205,234512,10.9442
srv582.txt,2.96259,4.6546,62.1001,69.0797,43.5141,86.9965,0,13.0036,155377,10.3818
srv593.txt,4.53538,2.25002,40.6995,67.5385,25.9719,97.9316,0,2.06847,12924,21.1217
srv596.txt,3.08283,3.42408,62.0091,69.2187,49.8586,86.46,0,13.5401,164172,10.4378
srv598.txt,2.85628,3.85864,62.3747,72.0589,57.0055,87.5392,0,12.4609,140674,9.816
srv602.txt,1.89751,2.1923,74.3836,71.3145,133.327,88.9191,0,11.081,72786,5.82682
srv606.txt,2.96576,3.6941,61.9996,72.0502,56.6886,88.0533,0,11.9468,144154,10.1888
srv609.txt,2.95047,3.6981,62.3824,71.0021,56.755,86.4985,0,13.5016,157883,10.0955
srv61.txt,3.06547,4.28996,62.3685,67.6837,44.9936,86.2229,0,13.7772,150848,10.2095
srv617.txt,2.38905,8.88974,67.0906,88.3699,57.7128,81.3202,0,18.6799,226302,10.2905
srv623.txt,2.89818,3.73846,61.8933,72.4467,55.2429,88.9096,0,11.0905,130413,10.0415
srv626.txt,3.10468,3.40024,62.4258,70.0213,53.7718,86.313,0,13.6871,176410,10.3074
srv632.txt,4.26396,3.23604,33.287,68.404,37.3857,86.655,0,13.3451,232105,11.7499
srv634.txt,4.37322,3.36818,32.5514,63.1826,25.9172,86.3709,0,13.6292,210826,11.4963
srv636.txt,4.04908,3.0702,32.5723,64.3437,29.0586,86.1211,0,13.879,215937,11.4957
srv638.txt,3.06489,3.4301,62.0913,69.3391,52.874,86.0776,0,13.9225,165417,10.3179
srv641.txt,3.06245,4.35452,62.2526,68.9401,43.2246,86.1727,0,13.8274,169817,10.3985
srv642.txt,2.97198,3.68964,61.9859,71.2901,53.8632,88.4875,0,11.5126,141184,10.1148
srv662.txt,2.91327,3.71497,62.585,71.9172,58.3404,86.5551,0,13.445,165205,9.98087
srv664.txt,2.873,3.6601,62.5657,72.4931,54.7769,86.7438,0,13.2563,172563,10.355
srv669.txt,2.75248,5.1373,61.7556,68.1805,39.5307,85.564,0,14.4361,193327,10.6815
srv675.txt,3.01273,3.50498,61.8726,69.2071,52.1033,87.0217,0,12.9784,163580,10.3242
srv685.txt,4.59896,2.53657,32.6885,80.2745,24.5244,93.5311,0,6.46895,51400,18.04
srv697.txt,3.0755,3.49894,61.7296,69.2233,51.4824,86.8355,0,13.1646,155901,10.2351
srv7.txt,4.2912,3.26098,33.2077,67.8222,31.169,85.4782,0,14.5219,252695,11.8474
srv702.txt,2.86275,4.81347,60.8153,66.3984,43.5403,85.921,0,14.0791,175441,10.8199
srv704.txt,1.50916,3.12725,70.2634,73.0999,61.227,89.7391,0,10.261,111597,8.50365
srv706.txt,1.45065,3.93942,70.632,71.6561,56.0037,88.3165,0,11.6836,142355,8.74018
srv715.txt,1.47797,4.15988,69.8862,70.0938,84.7801,88.3959,0,11.6042,144066,9.12242
srv72.txt,2.77849,2.4049,70.0871,68.7029,67.387,87.0235,0,12.9766,90092,6.10994
srv727.txt,2.96951,4.58274,62.0155,68.6097,41.4064,86.3334,0,13.6667,165421,10.3122
srv73.txt,1.44795,5.81442,70.5814,77.7142,59.5051,83.4497,0,16.5504,192851,9.27592
srv732.txt,4.23232,3.45132,33.0974,63.2701,26.1266,88.0678,0,11.9323,251047,11.8637
srv742.txt,1.43462,11.0422,75.6697,91.1823,72.3507,82.8269,0,17.1732,184890,8.5518
srv743.txt,1.47345,3.44918,70.3563,71.5475,65.5111,90.5624,0,9.43763,117556,8.65468
srv757.txt,1.60953,15.1598,77.9754,91.5921,70.1853,77.8067,0,22.1934,241358,9.34554
srv76.txt,4.35274,3.41728,32.991,64.7908,28.3565,85.0236,0,14.9765,271164,11.6119
srv760.txt,2.76479,4.01212,62.5297,71.8867,52.6332,87.2606,0,12.7395,155309,10.2722
srv764.txt,2.14393,4.31182,65.4527,69.3339,51.4874,88.0751,0,11.925,143793,9.65612
srv768.txt,2.90434,3.84604,62.176,71.3565,58.8474,87.3443,0,12.6558,150318,9.85882
srv771.txt,2.86733,4.97432,60.9898,68.0334,43.1769,85.9633,0,14.0368,175385,10.8942
srv776.txt,2.76294,2.15312,70.9242,69.0411,81.6353,89.524,0,10.4761,77586,5.97704
srv783.txt,4.07348,3.00722,33.1951,64.0955,25.787,85.9301,0,14.07,254376,11.7197
srv85.txt,2.82667,5.19874,61.4227,66.5669,43.4369,86.1618,0,13.8383,168666,10.7644